GalaxyName,Class,Family,NPoints,RMSLog,ImprovementVsFixedS1,Coefficients,FitUse,Guardrail
CamB,A,galaxy_constant,9,0.314854675,0.747062725,-0.057362973,in_sample_shape_diagnostic_not_model_selection,paper3_seed_candidate_search_not_tau_core_validation
CamB,A,linear_radius,9,0.480417735,0.581499665,-0.473281157;0.809580446,in_sample_shape_diagnostic_not_model_selection,paper3_seed_candidate_search_not_tau_core_validation
CamB,A,quadratic_radius,9,0.177309081,0.884608319,-0.284644930;-0.214132182;0.952178190,in_sample_shape_diagnostic_not_model_selection,paper3_seed_candidate_search_not_tau_core_validation
CamB,A,linear_acceleration,9,0.316224196,0.745693204,-0.555608552;0.342254834,in_sample_shape_diagnostic_not_model_selection,paper3_seed_candidate_search_not_tau_core_validation
CamB,A,quadratic_acceleration,9,0.235293219,0.826624181,-22.289292272;29.367838997;-9.557371497,in_sample_shape_diagnostic_not_model_selection,paper3_seed_candidate_search_not_tau_core_validation
CamB,A,radius_plus_acceleration,9,0.128424479,0.933492921,-1.220711182;0.839290640;0.502939820,in_sample_shape_diagnostic_not_model_selection,paper3_seed_candidate_search_not_tau_core_validation
DDO154,A,galaxy_constant,12,0.216778925,-0.010756591,1.019047031,in_sample_shape_diagnostic_not_model_selection,paper3_seed_candidate_search_not_tau_core_validation
DDO154,A,linear_radius,12,0.207034737,-0.001012403,0.658179520;0.596719255,in_sample_shape_diagnostic_not_model_selection,paper3_seed_candidate_search_not_tau_core_validation
DDO154,A,quadratic_radius,12,0.195704960,0.010317374,0.325994263;2.167354696;-1.381741108,in_sample_shape_diagnostic_not_model_selection,paper3_seed_candidate_search_not_tau_core_validation
DDO154,A,linear_acceleration,12,0.208000140,-0.001977807,-0.430581509;0.889300116,in_sample_shape_diagnostic_not_model_selection,paper3_seed_candidate_search_not_tau_core_validation
DDO154,A,quadratic_acceleration,12,0.195058398,0.010963936,-9.683808594;12.366839794;-3.514096704,in_sample_shape_diagnostic_not_model_selection,paper3_seed_candidate_search_not_tau_core_validation
DDO154,A,radius_plus_acceleration,12,0.206492091,-0.000469757,2.059098148;1.313153840;-1.125212605,in_sample_shape_diagnostic_not_model_selection,paper3_seed_candidate_search_not_tau_core_validation
ESO079-G014,A,galaxy_constant,15,0.187019331,0.024917081,1.106307874,in_sample_shape_diagnostic_not_model_selection,paper3_seed_candidate_search_not_tau_core_validation
ESO079-G014,A,linear_radius,15,0.186108430,0.025827982,0.925033729;0.376393019,in_sample_shape_diagnostic_not_model_selection,paper3_seed_candidate_search_not_tau_core_validation
ESO079-G014,A,quadratic_radius,15,0.180207107,0.031729305,0.638843921;2.074127799;-1.625738238,in_sample_shape_diagnostic_not_model_selection,paper3_seed_candidate_search_not_tau_core_validation
ESO079-G014,A,linear_acceleration,15,0.183553020,0.028383392,-0.140560747;1.908077839,in_sample_shape_diagnostic_not_model_selection,paper3_seed_candidate_search_not_tau_core_validation
ESO079-G014,A,quadratic_acceleration,15,0.175981572,0.035954840,-6.809091910;22.586495487;-15.737832701,in_sample_shape_diagnostic_not_model_selection,paper3_seed_candidate_search_not_tau_core_validation
ESO079-G014,A,radius_plus_acceleration,15,0.182638404,0.029298008,-0.679994466;-0.366860236;3.003948373,in_sample_shape_diagnostic_not_model_selection,paper3_seed_candidate_search_not_tau_core_validation
ESO116-G012,A,galaxy_constant,15,0.117997134,0.079574763,1.253027006,in_sample_shape_diagnostic_not_model_selection,paper3_seed_candidate_search_not_tau_core_validation
ESO116-G012,A,linear_radius,15,0.134208112,0.063363786,1.030184411;0.378272352,in_sample_shape_diagnostic_not_model_selection,paper3_seed_candidate_search_not_tau_core_validation
ESO116-G012,A,quadratic_radius,15,0.127177207,0.070394690,0.840099067;1.460245047;-1.010669105,in_sample_shape_diagnostic_not_model_selection,paper3_seed_candidate_search_not_tau_core_validation
ESO116-G012,A,linear_acceleration,15,0.134693574,0.062878323,0.766311090;0.519971551,in_sample_shape_diagnostic_not_model_selection,paper3_seed_candidate_search_not_tau_core_validation
ESO116-G012,A,quadratic_acceleration,15,0.131889972,0.065681926,-0.890227992;4.338613341;-2.092252531,in_sample_shape_diagnostic_not_model_selection,paper3_seed_candidate_search_not_tau_core_validation
ESO116-G012,A,radius_plus_acceleration,15,0.132898699,0.064673199,1.171782478;0.529375213;-0.246370749,in_sample_shape_diagnostic_not_model_selection,paper3_seed_candidate_search_not_tau_core_validation
IC2574,C,galaxy_constant,34,0.212133975,0.186055305,0.708356604,in_sample_shape_diagnostic_not_model_selection,paper3_seed_candidate_search_not_tau_core_validation
IC2574,C,linear_radius,34,0.179873470,0.218315810,0.476022825;0.443100904,in_sample_shape_diagnostic_not_model_selection,paper3_seed_candidate_search_not_tau_core_validation
IC2574,C,quadratic_radius,34,0.172088245,0.226101034,0.307458194;1.301139395;-0.801891729,in_sample_shape_diagnostic_not_model_selection,paper3_seed_candidate_search_not_tau_core_validation
IC2574,C,linear_acceleration,34,0.189482379,0.208706901,2.825979798;-1.297612799,in_sample_shape_diagnostic_not_model_selection,paper3_seed_candidate_search_not_tau_core_validation
IC2574,C,quadratic_acceleration,34,0.188661112,0.209528167,-7.145326802;10.658385556;-3.575095910,in_sample_shape_diagnostic_not_model_selection,paper3_seed_candidate_search_not_tau_core_validation
IC2574,C,radius_plus_acceleration,34,0.179915867,0.218273412,0.455871203;0.445468578;0.011587554,in_sample_shape_diagnostic_not_model_selection,paper3_seed_candidate_search_not_tau_core_validation
NGC0055,C,galaxy_constant,21,0.066401698,0.100327173,0.665288861,in_sample_shape_diagnostic_not_model_selection,paper3_seed_candidate_search_not_tau_core_validation
NGC0055,C,linear_radius,21,0.072083193,0.094645677,0.421769806;0.397529998,in_sample_shape_diagnostic_not_model_selection,paper3_seed_candidate_search_not_tau_core_validation
NGC0055,C,quadratic_radius,21,0.048395876,0.118332995,0.137532931;1.701511262;-1.143602459,in_sample_shape_diagnostic_not_model_selection,paper3_seed_candidate_search_not_tau_core_validation
NGC0055,C,linear_acceleration,21,0.075471498,0.091257373,-0.043146534;0.633418502,in_sample_shape_diagnostic_not_model_selection,paper3_seed_candidate_search_not_tau_core_validation
NGC0055,C,quadratic_acceleration,21,0.058229023,0.108499847,-5.307900160;10.218020618;-4.282087551,in_sample_shape_diagnostic_not_model_selection,paper3_seed_candidate_search_not_tau_core_validation
NGC0055,C,radius_plus_acceleration,21,0.049541869,0.117187002,2.853847691;2.102224564;-3.108227285,in_sample_shape_diagnostic_not_model_selection,paper3_seed_candidate_search_not_tau_core_validation
NGC1705,C,galaxy_constant,14,0.256175947,0.094009510,1.826626710,in_sample_shape_diagnostic_not_model_selection,paper3_seed_candidate_search_not_tau_core_validation
NGC1705,C,linear_radius,14,0.249222064,0.100963393,1.917043894;-0.128557079,in_sample_shape_diagnostic_not_model_selection,paper3_seed_candidate_search_not_tau_core_validation
NGC1705,C,quadratic_radius,14,0.239318959,0.110866498,2.266755851;-1.431590596;1.033492272,in_sample_shape_diagnostic_not_model_selection,paper3_seed_candidate_search_not_tau_core_validation
NGC1705,C,linear_acceleration,14,0.244129601,0.106055856,2.024470446;-0.135573798,in_sample_shape_diagnostic_not_model_selection,paper3_seed_candidate_search_not_tau_core_validation
NGC1705,C,quadratic_acceleration,14,0.234652956,0.115532501,2.755438876;-1.541797818;0.590146049,in_sample_shape_diagnostic_not_model_selection,paper3_seed_candidate_search_not_tau_core_validation
NGC1705,C,radius_plus_acceleration,14,0.239793574,0.110391883,2.240285608;0.766385993;-0.652827857,in_sample_shape_diagnostic_not_model_selection,paper3_seed_candidate_search_not_tau_core_validation
NGC2366,C,galaxy_constant,26,0.155796632,0.144003639,0.637239934,in_sample_shape_diagnostic_not_model_selection,paper3_seed_candidate_search_not_tau_core_validation
NGC2366,C,linear_radius,26,0.136276545,0.163523727,0.447427423;0.359890753,in_sample_shape_diagnostic_not_model_selection,paper3_seed_candidate_search_not_tau_core_validation
NGC2366,C,quadratic_radius,26,0.064471300,0.235328972,0.182230654;2.077455021;-1.703890986,in_sample_shape_diagnostic_not_model_selection,paper3_seed_candidate_search_not_tau_core_validation
NGC2366,C,linear_acceleration,26,0.137986262,0.161814010,1.122993974;-0.371424090,in_sample_shape_diagnostic_not_model_selection,paper3_seed_candidate_search_not_tau_core_validation
NGC2366,C,quadratic_acceleration,26,0.134346863,0.165453408,-1.712125384;3.711646460;-1.441704454,in_sample_shape_diagnostic_not_model_selection,paper3_seed_candidate_search_not_tau_core_validation
NGC2366,C,radius_plus_acceleration,26,0.111956894,0.187843377,1.029261747;0.387348303;-0.455963458,in_sample_shape_diagnostic_not_model_selection,paper3_seed_candidate_search_not_tau_core_validation
NGC2403,A,galaxy_constant,73,0.154284445,0.033566859,1.225383465,in_sample_shape_diagnostic_not_model_selection,paper3_seed_candidate_search_not_tau_core_validation
NGC2403,A,linear_radius,73,0.167118129,0.020733175,1.083983165;0.227166195,in_sample_shape_diagnostic_not_model_selection,paper3_seed_candidate_search_not_tau_core_validation
NGC2403,A,quadratic_radius,73,0.166560692,0.021290612,1.134825012;-0.039914898;0.245718609,in_sample_shape_diagnostic_not_model_selection,paper3_seed_candidate_search_not_tau_core_validation
NGC2403,A,linear_acceleration,73,0.166858143,0.020993161,1.058531208;0.160636051,in_sample_shape_diagnostic_not_model_selection,paper3_seed_candidate_search_not_tau_core_validation
NGC2403,A,quadratic_acceleration,73,0.167047362,0.020803942,1.150366384;-0.142462941;0.180623723,in_sample_shape_diagnostic_not_model_selection,paper3_seed_candidate_search_not_tau_core_validation
NGC2403,A,radius_plus_acceleration,73,0.167025388,0.020825916,1.095275238;0.305290241;-0.057688239,in_sample_shape_diagnostic_not_model_selection,paper3_seed_candidate_search_not_tau_core_validation
NGC2976,C,galaxy_constant,27,0.210148724,-0.009445426,0.516172764,in_sample_shape_diagnostic_not_model_selection,paper3_seed_candidate_search_not_tau_core_validation
NGC2976,C,linear_radius,27,0.170518852,0.030184446,0.069911816;1.239828813,in_sample_shape_diagnostic_not_model_selection,paper3_seed_candidate_search_not_tau_core_validation
NGC2976,C,quadratic_radius,27,0.156163932,0.044539366,-0.240047275;3.319162494;-2.245002967,in_sample_shape_diagnostic_not_model_selection,paper3_seed_candidate_search_not_tau_core_validation
NGC2976,C,linear_acceleration,27,0.161348069,0.039355228,1.531301740;-2.079825738,in_sample_shape_diagnostic_not_model_selection,paper3_seed_candidate_search_not_tau_core_validation
NGC2976,C,quadratic_acceleration,27,0.147371061,0.053332237,0.323145807;3.704911144;-6.097939247,in_sample_shape_diagnostic_not_model_selection,paper3_seed_candidate_search_not_tau_core_validation
NGC2976,C,radius_plus_acceleration,27,0.161566133,0.039137165,1.283641362;0.235319679;-1.745948578,in_sample_shape_diagnostic_not_model_selection,paper3_seed_candidate_search_not_tau_core_validation
NGC3109,C,galaxy_constant,25,0.267465460,-0.094967275,1.237941023,in_sample_shape_diagnostic_not_model_selection,paper3_seed_candidate_search_not_tau_core_validation
NGC3109,C,linear_radius,25,0.227592415,-0.055094229,0.879787178;0.717733439,in_sample_shape_diagnostic_not_model_selection,paper3_seed_candidate_search_not_tau_core_validation
NGC3109,C,quadratic_radius,25,0.223511043,-0.051012857,0.811050394;1.159953148;-0.440977443,in_sample_shape_diagnostic_not_model_selection,paper3_seed_candidate_search_not_tau_core_validation
NGC3109,C,linear_acceleration,25,0.254836636,-0.082338450,1.937163592;-0.413359435,in_sample_shape_diagnostic_not_model_selection,paper3_seed_candidate_search_not_tau_core_validation
NGC3109,C,quadratic_acceleration,25,0.253429688,-0.080931502,-2.671686479;4.610063010;-1.335684788,in_sample_shape_diagnostic_not_model_selection,paper3_seed_candidate_search_not_tau_core_validation
NGC3109,C,radius_plus_acceleration,25,0.228091025,-0.055592839,0.835788204;0.725229757;0.023799477,in_sample_shape_diagnostic_not_model_selection,paper3_seed_candidate_search_not_tau_core_validation
NGC3198,A,galaxy_constant,43,0.184807072,-0.000598253,0.970508933,in_sample_shape_diagnostic_not_model_selection,paper3_seed_candidate_search_not_tau_core_validation
NGC3198,A,linear_radius,43,0.191468968,-0.007260150,0.909550864;0.101920995,in_sample_shape_diagnostic_not_model_selection,paper3_seed_candidate_search_not_tau_core_validation
NGC3198,A,quadratic_radius,43,0.192910101,-0.008701282,0.793083191;0.753982137;-0.611506190,in_sample_shape_diagnostic_not_model_selection,paper3_seed_candidate_search_not_tau_core_validation
NGC3198,A,linear_acceleration,43,0.194877259,-0.010668440,0.843204413;0.109806827,in_sample_shape_diagnostic_not_model_selection,paper3_seed_candidate_search_not_tau_core_validation
NGC3198,A,quadratic_acceleration,43,0.189485211,-0.005276392,0.369822623;1.421594918;-0.686516144,in_sample_shape_diagnostic_not_model_selection,paper3_seed_candidate_search_not_tau_core_validation
NGC3198,A,radius_plus_acceleration,43,0.192990774,-0.008781956,0.641429002;-1.030184875;0.815305839,in_sample_shape_diagnostic_not_model_selection,paper3_seed_candidate_search_not_tau_core_validation
NGC3741,C,galaxy_constant,21,0.304564283,-0.191541822,1.329227629,in_sample_shape_diagnostic_not_model_selection,paper3_seed_candidate_search_not_tau_core_validation
NGC3741,C,linear_radius,21,0.298256481,-0.185234019,0.995566796;0.644175576,in_sample_shape_diagnostic_not_model_selection,paper3_seed_candidate_search_not_tau_core_validation
NGC3741,C,quadratic_radius,21,0.298846119,-0.185823657,0.710745466;2.111075235;-1.351992979,in_sample_shape_diagnostic_not_model_selection,paper3_seed_candidate_search_not_tau_core_validation
NGC3741,C,linear_acceleration,21,0.300523098,-0.187500636,-0.288231538;0.880445066,in_sample_shape_diagnostic_not_model_selection,paper3_seed_candidate_search_not_tau_core_validation
NGC3741,C,quadratic_acceleration,21,0.301322084,-0.188299622,-0.825692458;1.540149710;-0.196461051,in_sample_shape_diagnostic_not_model_selection,paper3_seed_candidate_search_not_tau_core_validation
NGC3741,C,radius_plus_acceleration,21,0.300939397,-0.187916935,-0.374480627;-0.060074435;0.944331655,in_sample_shape_diagnostic_not_model_selection,paper3_seed_candidate_search_not_tau_core_validation
NGC3917,A,galaxy_constant,17,0.193309032,-0.000539068,0.997229717,in_sample_shape_diagnostic_not_model_selection,paper3_seed_candidate_search_not_tau_core_validation
NGC3917,A,linear_radius,17,0.194030438,-0.001260474,0.838313289;0.268944000,in_sample_shape_diagnostic_not_model_selection,paper3_seed_candidate_search_not_tau_core_validation
NGC3917,A,quadratic_radius,17,0.175532908,0.017237056,0.458743818;2.293400794;-1.850606313,in_sample_shape_diagnostic_not_model_selection,paper3_seed_candidate_search_not_tau_core_validation
NGC3917,A,linear_acceleration,17,0.192878674,-0.000108710,1.030392122;-0.041848731,in_sample_shape_diagnostic_not_model_selection,paper3_seed_candidate_search_not_tau_core_validation
NGC3917,A,quadratic_acceleration,17,0.189991753,0.002778211,4.225828256;-8.031267286;4.838876601,in_sample_shape_diagnostic_not_model_selection,paper3_seed_candidate_search_not_tau_core_validation
NGC3917,A,radius_plus_acceleration,17,0.179989158,0.012780806,1.658511475;0.809024880;-1.437754015,in_sample_shape_diagnostic_not_model_selection,paper3_seed_candidate_search_not_tau_core_validation
NGC3972,A,galaxy_constant,10,0.192108240,0.027707217,1.123339331,in_sample_shape_diagnostic_not_model_selection,paper3_seed_candidate_search_not_tau_core_validation
NGC3972,A,linear_radius,10,0.192792323,0.027023133,0.966306069;0.258010693,in_sample_shape_diagnostic_not_model_selection,paper3_seed_candidate_search_not_tau_core_validation
NGC3972,A,quadratic_radius,10,0.189151557,0.030663899,0.680625369;1.586603391;-1.149524338,in_sample_shape_diagnostic_not_model_selection,paper3_seed_candidate_search_not_tau_core_validation
NGC3972,A,linear_acceleration,10,0.192812911,0.027002546,0.514884961;0.995002988,in_sample_shape_diagnostic_not_model_selection,paper3_seed_candidate_search_not_tau_core_validation
NGC3972,A,quadratic_acceleration,10,0.185406710,0.034408747,-4.805049576;18.070952034;-13.325260081,in_sample_shape_diagnostic_not_model_selection,paper3_seed_candidate_search_not_tau_core_validation
NGC3972,A,radius_plus_acceleration,10,0.192553755,0.027261701,0.197907401;-0.328106500;1.839916744,in_sample_shape_diagnostic_not_model_selection,paper3_seed_candidate_search_not_tau_core_validation
NGC4183,A,galaxy_constant,23,0.145730947,-0.001415887,0.969592380,in_sample_shape_diagnostic_not_model_selection,paper3_seed_candidate_search_not_tau_core_validation
NGC4183,A,linear_radius,23,0.116218603,0.028096457,1.141953514;-0.275159616,in_sample_shape_diagnostic_not_model_selection,paper3_seed_candidate_search_not_tau_core_validation
NGC4183,A,quadratic_radius,23,0.107611104,0.036703956,1.462595097;-1.803241169;1.357004460,in_sample_shape_diagnostic_not_model_selection,paper3_seed_candidate_search_not_tau_core_validation
NGC4183,A,linear_acceleration,23,0.122984532,0.021330528,1.246104158;-0.241795562,in_sample_shape_diagnostic_not_model_selection,paper3_seed_candidate_search_not_tau_core_validation
NGC4183,A,quadratic_acceleration,23,0.112302857,0.032012202,3.311603260;-4.159996582;1.758901614,in_sample_shape_diagnostic_not_model_selection,paper3_seed_candidate_search_not_tau_core_validation
NGC4183,A,radius_plus_acceleration,23,0.113271388,0.031043672,-0.035074820;-2.148853676;2.055584088,in_sample_shape_diagnostic_not_model_selection,paper3_seed_candidate_search_not_tau_core_validation
NGC4559,A,galaxy_constant,32,0.081877961,-0.012087171,0.732710763,in_sample_shape_diagnostic_not_model_selection,paper3_seed_candidate_search_not_tau_core_validation
NGC4559,A,linear_radius,32,0.092102266,-0.022311476,0.591854854;0.208413368,in_sample_shape_diagnostic_not_model_selection,paper3_seed_candidate_search_not_tau_core_validation
NGC4559,A,quadratic_radius,32,0.086942482,-0.017151692,0.292810530;1.433220682;-1.025899668,in_sample_shape_diagnostic_not_model_selection,paper3_seed_candidate_search_not_tau_core_validation
NGC4559,A,linear_acceleration,32,0.093353652,-0.023562862,0.494369779;0.251680428,in_sample_shape_diagnostic_not_model_selection,paper3_seed_candidate_search_not_tau_core_validation
NGC4559,A,quadratic_acceleration,32,0.088024415,-0.018233625,0.122452628;1.346182891;-0.692317048,in_sample_shape_diagnostic_not_model_selection,paper3_seed_candidate_search_not_tau_core_validation
NGC4559,A,radius_plus_acceleration,32,0.087400925,-0.017610136,0.231654205;-1.202216103;1.387090689,in_sample_shape_diagnostic_not_model_selection,paper3_seed_candidate_search_not_tau_core_validation
NGC5055,C,galaxy_constant,28,0.064465777,0.022213360,0.771922749,in_sample_shape_diagnostic_not_model_selection,paper3_seed_candidate_search_not_tau_core_validation
NGC5055,C,linear_radius,28,0.081581742,0.005097396,0.532982747;0.328146871,in_sample_shape_diagnostic_not_model_selection,paper3_seed_candidate_search_not_tau_core_validation
NGC5055,C,quadratic_radius,28,0.078569444,0.008109693,0.116451515;1.811990311;-1.150182657,in_sample_shape_diagnostic_not_model_selection,paper3_seed_candidate_search_not_tau_core_validation
NGC5055,C,linear_acceleration,28,0.082984937,0.003694200,0.474445978;0.269293470,in_sample_shape_diagnostic_not_model_selection,paper3_seed_candidate_search_not_tau_core_validation
NGC5055,C,quadratic_acceleration,28,0.073981411,0.012697726,0.349014029;0.771727833;-0.323255588,in_sample_shape_diagnostic_not_model_selection,paper3_seed_candidate_search_not_tau_core_validation
NGC5055,C,radius_plus_acceleration,28,0.076613601,0.010065537,0.499554176;-0.816567515;0.784815814,in_sample_shape_diagnostic_not_model_selection,paper3_seed_candidate_search_not_tau_core_validation
NGC5585,A,galaxy_constant,24,0.096231816,-0.007692048,0.901837507,in_sample_shape_diagnostic_not_model_selection,paper3_seed_candidate_search_not_tau_core_validation
NGC5585,A,linear_radius,24,0.116099005,-0.027559237,0.503301317;0.705235371,in_sample_shape_diagnostic_not_model_selection,paper3_seed_candidate_search_not_tau_core_validation
NGC5585,A,quadratic_radius,24,0.101336131,-0.012796363,0.244328947;2.319138974;-1.555996263,in_sample_shape_diagnostic_not_model_selection,paper3_seed_candidate_search_not_tau_core_validation
NGC5585,A,linear_acceleration,24,0.113489536,-0.024949768,0.070606252;0.803514768,in_sample_shape_diagnostic_not_model_selection,paper3_seed_candidate_search_not_tau_core_validation
NGC5585,A,quadratic_acceleration,24,0.104160132,-0.015620364,-0.768066993;2.800337425;-1.060291887,in_sample_shape_diagnostic_not_model_selection,paper3_seed_candidate_search_not_tau_core_validation
NGC5585,A,radius_plus_acceleration,24,0.106622922,-0.018083153,-0.625176405;-1.309975372;2.191694811,in_sample_shape_diagnostic_not_model_selection,paper3_seed_candidate_search_not_tau_core_validation
NGC6503,A,galaxy_constant,31,0.129546476,-0.008544579,1.134005545,in_sample_shape_diagnostic_not_model_selection,paper3_seed_candidate_search_not_tau_core_validation
NGC6503,A,linear_radius,31,0.143766730,-0.022764834,0.991569399;0.203056501,in_sample_shape_diagnostic_not_model_selection,paper3_seed_candidate_search_not_tau_core_validation
NGC6503,A,quadratic_radius,31,0.142023720,-0.021021823,1.093098018;-0.164494677;0.288680836,in_sample_shape_diagnostic_not_model_selection,paper3_seed_candidate_search_not_tau_core_validation
NGC6503,A,linear_acceleration,31,0.143711818,-0.022709922,0.947387904;0.139077681,in_sample_shape_diagnostic_not_model_selection,paper3_seed_candidate_search_not_tau_core_validation
NGC6503,A,quadratic_acceleration,31,0.143476328,-0.022474431,1.064080664;-0.100792777;0.108219319,in_sample_shape_diagnostic_not_model_selection,paper3_seed_candidate_search_not_tau_core_validation
NGC6503,A,radius_plus_acceleration,31,0.143416965,-0.022415068,1.011146770;0.270045012;-0.049609503,in_sample_shape_diagnostic_not_model_selection,paper3_seed_candidate_search_not_tau_core_validation
NGC7331,A,galaxy_constant,36,0.121535506,-0.026058142,0.842400496,in_sample_shape_diagnostic_not_model_selection,paper3_seed_candidate_search_not_tau_core_validation
NGC7331,A,linear_radius,36,0.121704248,-0.026226884,0.210592009;0.826882944,in_sample_shape_diagnostic_not_model_selection,paper3_seed_candidate_search_not_tau_core_validation
NGC7331,A,quadratic_radius,36,0.119655277,-0.024177914,-0.373505281;2.727078831;-1.396570911,in_sample_shape_diagnostic_not_model_selection,paper3_seed_candidate_search_not_tau_core_validation
NGC7331,A,linear_acceleration,36,0.120778206,-0.025300842,0.441523030;0.676104234,in_sample_shape_diagnostic_not_model_selection,paper3_seed_candidate_search_not_tau_core_validation
NGC7331,A,quadratic_acceleration,36,0.118291247,-0.022813883,0.411514642;1.149070942;-0.599758636,in_sample_shape_diagnostic_not_model_selection,paper3_seed_candidate_search_not_tau_core_validation
NGC7331,A,radius_plus_acceleration,36,0.118354095,-0.022876731,1.093466996;-2.018171967;2.177329012,in_sample_shape_diagnostic_not_model_selection,paper3_seed_candidate_search_not_tau_core_validation
UGC00128,A,galaxy_constant,22,0.243438130,-0.074457175,1.190752700,in_sample_shape_diagnostic_not_model_selection,paper3_seed_candidate_search_not_tau_core_validation
UGC00128,A,linear_radius,22,0.229266823,-0.060285867,1.325141228;-0.221171942,in_sample_shape_diagnostic_not_model_selection,paper3_seed_candidate_search_not_tau_core_validation
UGC00128,A,quadratic_radius,22,0.225255802,-0.056274847,1.508522654;-1.124123189;0.811802189,in_sample_shape_diagnostic_not_model_selection,paper3_seed_candidate_search_not_tau_core_validation
UGC00128,A,linear_acceleration,22,0.234852942,-0.065871986,1.447508460;-0.153656956,in_sample_shape_diagnostic_not_model_selection,paper3_seed_candidate_search_not_tau_core_validation
UGC00128,A,quadratic_acceleration,22,0.234029115,-0.065048160,2.012752011;-0.866395423;0.218578343,in_sample_shape_diagnostic_not_model_selection,paper3_seed_candidate_search_not_tau_core_validation
UGC00128,A,radius_plus_acceleration,22,0.223783461,-0.054802505,-1.506496745;-2.564112392;2.546582217,in_sample_shape_diagnostic_not_model_selection,paper3_seed_candidate_search_not_tau_core_validation
UGC00191,A,galaxy_constant,9,0.156867252,0.027804800,1.143310968,in_sample_shape_diagnostic_not_model_selection,paper3_seed_candidate_search_not_tau_core_validation
UGC00191,A,linear_radius,9,0.119378738,0.065293313,1.306286722;-0.387387615,in_sample_shape_diagnostic_not_model_selection,paper3_seed_candidate_search_not_tau_core_validation
UGC00191,A,quadratic_radius,9,0.118170247,0.066501804,1.231892926;0.171518365;-0.534841854,in_sample_shape_diagnostic_not_model_selection,paper3_seed_candidate_search_not_tau_core_validation
UGC00191,A,linear_acceleration,9,0.118837642,0.065834410,2.035354998;-0.834610211,in_sample_shape_diagnostic_not_model_selection,paper3_seed_candidate_search_not_tau_core_validation
UGC00191,A,quadratic_acceleration,9,0.118947220,0.065724832,0.998511835;1.060350290;-0.845538244,in_sample_shape_diagnostic_not_model_selection,paper3_seed_candidate_search_not_tau_core_validation
UGC00191,A,radius_plus_acceleration,9,0.118717409,0.065954643,1.723135327;-0.169819951;-0.475648505,in_sample_shape_diagnostic_not_model_selection,paper3_seed_candidate_search_not_tau_core_validation
UGC00731,C,galaxy_constant,12,0.340085575,-0.153807840,1.600496229,in_sample_shape_diagnostic_not_model_selection,paper3_seed_candidate_search_not_tau_core_validation
UGC00731,C,linear_radius,12,0.251590742,-0.065313007,2.568837918;-2.031062793,in_sample_shape_diagnostic_not_model_selection,paper3_seed_candidate_search_not_tau_core_validation
UGC00731,C,quadratic_radius,12,0.239312307,-0.053034572,2.879981425;-3.789558547;1.689528791,in_sample_shape_diagnostic_not_model_selection,paper3_seed_candidate_search_not_tau_core_validation
UGC00731,C,linear_acceleration,12,0.247046943,-0.060769209,-3.102137473;2.819188370,in_sample_shape_diagnostic_not_model_selection,paper3_seed_candidate_search_not_tau_core_validation
UGC00731,C,quadratic_acceleration,12,0.248241722,-0.061963988,-4.597035287;4.605947851;-0.525446559,in_sample_shape_diagnostic_not_model_selection,paper3_seed_candidate_search_not_tau_core_validation
UGC00731,C,radius_plus_acceleration,12,0.241621923,-0.055344189,-0.662289512;-0.934125746;1.623509667,in_sample_shape_diagnostic_not_model_selection,paper3_seed_candidate_search_not_tau_core_validation
UGC02455,C,galaxy_constant,8,0.407286512,0.211659063,-0.495696025,in_sample_shape_diagnostic_not_model_selection,paper3_seed_candidate_search_not_tau_core_validation
UGC02455,C,linear_radius,8,0.318493627,0.300451948,-1.649773466;1.727914696,in_sample_shape_diagnostic_not_model_selection,paper3_seed_candidate_search_not_tau_core_validation
UGC02455,C,quadratic_radius,8,0.312733826,0.306211748,-1.148180265;-0.525459420;1.906339676,in_sample_shape_diagnostic_not_model_selection,paper3_seed_candidate_search_not_tau_core_validation
UGC02455,C,linear_acceleration,8,0.306441745,0.312503830,-2.180176758;3.363516487,in_sample_shape_diagnostic_not_model_selection,paper3_seed_candidate_search_not_tau_core_validation
UGC02455,C,quadratic_acceleration,8,0.306593908,0.312351667,-2.000602001;2.521890595;0.880478541,in_sample_shape_diagnostic_not_model_selection,paper3_seed_candidate_search_not_tau_core_validation
UGC02455,C,radius_plus_acceleration,8,0.306371945,0.312573630,-2.208536925;-0.140697096;3.607785095,in_sample_shape_diagnostic_not_model_selection,paper3_seed_candidate_search_not_tau_core_validation
UGC03580,C,galaxy_constant,47,0.192738914,0.000326374,0.864942945,in_sample_shape_diagnostic_not_model_selection,paper3_seed_candidate_search_not_tau_core_validation
UGC03580,C,linear_radius,47,0.205458076,-0.012392788,0.227241757;1.127330550,in_sample_shape_diagnostic_not_model_selection,paper3_seed_candidate_search_not_tau_core_validation
UGC03580,C,quadratic_radius,47,0.195196176,-0.002130888,-0.446213747;4.251753062;-2.781029014,in_sample_shape_diagnostic_not_model_selection,paper3_seed_candidate_search_not_tau_core_validation
UGC03580,C,linear_acceleration,47,0.196524725,-0.003459437,-0.100630607;0.880277941,in_sample_shape_diagnostic_not_model_selection,paper3_seed_candidate_search_not_tau_core_validation
UGC03580,C,quadratic_acceleration,47,0.178815750,0.014249538,-0.387148874;1.919741128;-0.616372881,in_sample_shape_diagnostic_not_model_selection,paper3_seed_candidate_search_not_tau_core_validation
UGC03580,C,radius_plus_acceleration,47,0.180371504,0.012693784,-0.257710752;-1.694116817;1.897144772,in_sample_shape_diagnostic_not_model_selection,paper3_seed_candidate_search_not_tau_core_validation
UGC04305,C,galaxy_constant,22,0.215375458,0.396125793,0.158546824,in_sample_shape_diagnostic_not_model_selection,paper3_seed_candidate_search_not_tau_core_validation
UGC04305,C,linear_radius,22,0.214694008,0.396807242,0.278665838;-0.235685461,in_sample_shape_diagnostic_not_model_selection,paper3_seed_candidate_search_not_tau_core_validation
UGC04305,C,quadratic_radius,22,0.180737081,0.430764169,0.038449755;1.256732354;-1.467536833,in_sample_shape_diagnostic_not_model_selection,paper3_seed_candidate_search_not_tau_core_validation
UGC04305,C,linear_acceleration,22,0.167001992,0.444499258,1.072017064;-0.758351376,in_sample_shape_diagnostic_not_model_selection,paper3_seed_candidate_search_not_tau_core_validation
UGC04305,C,quadratic_acceleration,22,0.164762770,0.446738480,1.693023625;-1.703701562;0.349937196,in_sample_shape_diagnostic_not_model_selection,paper3_seed_candidate_search_not_tau_core_validation
UGC04305,C,radius_plus_acceleration,22,0.125944517,0.485556733,1.603021264;-0.424362395;-1.019631612,in_sample_shape_diagnostic_not_model_selection,paper3_seed_candidate_search_not_tau_core_validation
UGC04325,C,galaxy_constant,8,0.168113013,0.195968430,1.669758751,in_sample_shape_diagnostic_not_model_selection,paper3_seed_candidate_search_not_tau_core_validation
UGC04325,C,linear_radius,8,0.128408685,0.235672757,2.282408486;-1.089304653,in_sample_shape_diagnostic_not_model_selection,paper3_seed_candidate_search_not_tau_core_validation
UGC04325,C,quadratic_radius,8,0.125672656,0.238408787,2.195947937;-0.653848085;-0.387910167,in_sample_shape_diagnostic_not_model_selection,paper3_seed_candidate_search_not_tau_core_validation
UGC04325,C,linear_acceleration,8,0.165393005,0.198688438,2.020703004;-0.370266278,in_sample_shape_diagnostic_not_model_selection,paper3_seed_candidate_search_not_tau_core_validation
UGC04325,C,quadratic_acceleration,8,0.165447782,0.198633660,0.095547541;3.716650304;-2.153955738,in_sample_shape_diagnostic_not_model_selection,paper3_seed_candidate_search_not_tau_core_validation
UGC04325,C,radius_plus_acceleration,8,0.125130122,0.238951320,2.668131845;-1.090219352;-0.406417453,in_sample_shape_diagnostic_not_model_selection,paper3_seed_candidate_search_not_tau_core_validation
UGC04499,C,galaxy_constant,9,0.088718578,0.023494485,0.831557559,in_sample_shape_diagnostic_not_model_selection,paper3_seed_candidate_search_not_tau_core_validation
UGC04499,C,linear_radius,9,0.093930002,0.018283061,0.729629727;0.166944780,in_sample_shape_diagnostic_not_model_selection,paper3_seed_candidate_search_not_tau_core_validation
UGC04499,C,quadratic_radius,9,0.070312352,0.041900711,0.343885420;1.922878487;-1.517961815,in_sample_shape_diagnostic_not_model_selection,paper3_seed_candidate_search_not_tau_core_validation
UGC04499,C,linear_acceleration,9,0.093617191,0.018595871,0.181544037;0.574464899,in_sample_shape_diagnostic_not_model_selection,paper3_seed_candidate_search_not_tau_core_validation
UGC04499,C,quadratic_acceleration,9,0.048946266,0.063266797,-11.099392674;21.228830633;-9.341974461,in_sample_shape_diagnostic_not_model_selection,paper3_seed_candidate_search_not_tau_core_validation
UGC04499,C,radius_plus_acceleration,9,0.072623953,0.039589109,-3.550685815;-1.819828216;4.854866416,in_sample_shape_diagnostic_not_model_selection,paper3_seed_candidate_search_not_tau_core_validation
UGC05253,C,galaxy_constant,73,0.131861178,0.002294243,1.041810405,in_sample_shape_diagnostic_not_model_selection,paper3_seed_candidate_search_not_tau_core_validation
UGC05253,C,linear_radius,73,0.128383791,0.005771631,1.178842108;-0.203027553,in_sample_shape_diagnostic_not_model_selection,paper3_seed_candidate_search_not_tau_core_validation
UGC05253,C,quadratic_radius,73,0.128202415,0.005953006,1.085263267;0.191662481;-0.330519674,in_sample_shape_diagnostic_not_model_selection,paper3_seed_candidate_search_not_tau_core_validation
UGC05253,C,linear_acceleration,73,0.129629530,0.004525892,1.122987462;-0.092285518,in_sample_shape_diagnostic_not_model_selection,paper3_seed_candidate_search_not_tau_core_validation
UGC05253,C,quadratic_acceleration,73,0.127304378,0.006851044,1.126384460;0.147241814;-0.225026468,in_sample_shape_diagnostic_not_model_selection,paper3_seed_candidate_search_not_tau_core_validation
UGC05253,C,radius_plus_acceleration,73,0.127651015,0.006504407,1.231621824;-0.689790083;0.313491641,in_sample_shape_diagnostic_not_model_selection,paper3_seed_candidate_search_not_tau_core_validation
UGC05716,A,galaxy_constant,12,0.180815584,-0.052776203,1.159383490,in_sample_shape_diagnostic_not_model_selection,paper3_seed_candidate_search_not_tau_core_validation
UGC05716,A,linear_radius,12,0.146077757,-0.018038376,1.429074429;-0.454942024,in_sample_shape_diagnostic_not_model_selection,paper3_seed_candidate_search_not_tau_core_validation
UGC05716,A,quadratic_radius,12,0.144940097,-0.016900716,1.491325777;-0.745733308;0.255657711,in_sample_shape_diagnostic_not_model_selection,paper3_seed_candidate_search_not_tau_core_validation
UGC05716,A,linear_acceleration,12,0.149649733,-0.021610352,2.440930746;-0.850605062,in_sample_shape_diagnostic_not_model_selection,paper3_seed_candidate_search_not_tau_core_validation
UGC05716,A,quadratic_acceleration,12,0.149509897,-0.021470517,2.880353280;-1.458143560;0.207952401,in_sample_shape_diagnostic_not_model_selection,paper3_seed_candidate_search_not_tau_core_validation
UGC05716,A,radius_plus_acceleration,12,0.146887516,-0.018848135,0.949402175;-0.633451724;0.388611170,in_sample_shape_diagnostic_not_model_selection,paper3_seed_candidate_search_not_tau_core_validation
UGC05764,A,galaxy_constant,10,0.204065456,0.029038466,1.676703753,in_sample_shape_diagnostic_not_model_selection,paper3_seed_candidate_search_not_tau_core_validation
UGC05764,A,linear_radius,10,0.140552389,0.092551533,2.394549469;-1.376287536,in_sample_shape_diagnostic_not_model_selection,paper3_seed_candidate_search_not_tau_core_validation
UGC05764,A,quadratic_radius,10,0.144023536,0.089080386,2.491096441;-1.905928238;0.491960734,in_sample_shape_diagnostic_not_model_selection,paper3_seed_candidate_search_not_tau_core_validation
UGC05764,A,linear_acceleration,10,0.206028000,0.027075922,-1.005720081;1.854163507,in_sample_shape_diagnostic_not_model_selection,paper3_seed_candidate_search_not_tau_core_validation
UGC05764,A,quadratic_acceleration,10,0.196430802,0.036673119,11.156754435;-14.085910082;5.146918329,in_sample_shape_diagnostic_not_model_selection,paper3_seed_candidate_search_not_tau_core_validation
UGC05764,A,radius_plus_acceleration,10,0.145633458,0.087470463,1.634695439;-1.237426582;0.475167871,in_sample_shape_diagnostic_not_model_selection,paper3_seed_candidate_search_not_tau_core_validation
UGC05829,C,galaxy_constant,11,0.191085975,-0.052171179,1.095712668,in_sample_shape_diagnostic_not_model_selection,paper3_seed_candidate_search_not_tau_core_validation
UGC05829,C,linear_radius,11,0.193387951,-0.054473154,1.461899290;-0.798848354,in_sample_shape_diagnostic_not_model_selection,paper3_seed_candidate_search_not_tau_core_validation
UGC05829,C,quadratic_radius,11,0.193340813,-0.054426016,1.463924784;-0.810434807;0.011258152,in_sample_shape_diagnostic_not_model_selection,paper3_seed_candidate_search_not_tau_core_validation
UGC05829,C,linear_acceleration,11,0.191039513,-0.052124717,-0.273775149;0.860828533,in_sample_shape_diagnostic_not_model_selection,paper3_seed_candidate_search_not_tau_core_validation
UGC05829,C,quadratic_acceleration,11,0.192716028,-0.053801231,-4.285375593;5.970588115;-1.584385207,in_sample_shape_diagnostic_not_model_selection,paper3_seed_candidate_search_not_tau_core_validation
UGC05829,C,radius_plus_acceleration,11,0.192640040,-0.053725243,0.961742173;-0.579453862;0.251171938,in_sample_shape_diagnostic_not_model_selection,paper3_seed_candidate_search_not_tau_core_validation
UGC05918,C,galaxy_constant,8,0.242910850,-0.100173342,1.185348559,in_sample_shape_diagnostic_not_model_selection,paper3_seed_candidate_search_not_tau_core_validation
UGC05918,C,linear_radius,8,0.226540774,-0.083803266,1.506163869;-0.587943657,in_sample_shape_diagnostic_not_model_selection,paper3_seed_candidate_search_not_tau_core_validation
UGC05918,C,quadratic_radius,8,0.225602266,-0.082864759,1.380264183;0.030397265;-0.553982109,in_sample_shape_diagnostic_not_model_selection,paper3_seed_candidate_search_not_tau_core_validation
UGC05918,C,linear_acceleration,8,0.231385335,-0.088647828,-2.883235379;2.438340931,in_sample_shape_diagnostic_not_model_selection,paper3_seed_candidate_search_not_tau_core_validation
UGC05918,C,quadratic_acceleration,8,0.227270949,-0.084533441,51.589714021;-62.776015707;19.484100435,in_sample_shape_diagnostic_not_model_selection,paper3_seed_candidate_search_not_tau_core_validation
UGC05918,C,radius_plus_acceleration,8,0.225977022,-0.083239514,-1.003883219;-0.339622608;1.423089778,in_sample_shape_diagnostic_not_model_selection,paper3_seed_candidate_search_not_tau_core_validation
UGC06446,C,galaxy_constant,17,0.160032787,0.035844218,1.330995003,in_sample_shape_diagnostic_not_model_selection,paper3_seed_candidate_search_not_tau_core_validation
UGC06446,C,linear_radius,17,0.077007569,0.118869435,1.785418161;-0.802318182,in_sample_shape_diagnostic_not_model_selection,paper3_seed_candidate_search_not_tau_core_validation
UGC06446,C,quadratic_radius,17,0.077964157,0.117912847,1.740079490;-0.581546036;-0.199763411,in_sample_shape_diagnostic_not_model_selection,paper3_seed_candidate_search_not_tau_core_validation
UGC06446,C,linear_acceleration,17,0.102874417,0.093002587,3.215219585;-1.474692261,in_sample_shape_diagnostic_not_model_selection,paper3_seed_candidate_search_not_tau_core_validation
UGC06446,C,quadratic_acceleration,17,0.101361030,0.094515974,-0.794888440;5.124299480;-2.684100640,in_sample_shape_diagnostic_not_model_selection,paper3_seed_candidate_search_not_tau_core_validation
UGC06446,C,radius_plus_acceleration,17,0.080497797,0.115379207,0.572144598;-1.255912162;1.150642246,in_sample_shape_diagnostic_not_model_selection,paper3_seed_candidate_search_not_tau_core_validation
UGC06818,C,galaxy_constant,8,0.205964890,0.055179271,0.756273124,in_sample_shape_diagnostic_not_model_selection,paper3_seed_candidate_search_not_tau_core_validation
UGC06818,C,linear_radius,8,0.108017234,0.153126927,-0.056337460;1.277482751,in_sample_shape_diagnostic_not_model_selection,paper3_seed_candidate_search_not_tau_core_validation
UGC06818,C,quadratic_radius,8,0.108032801,0.153111360,-0.283932596;2.278316548;-0.848397518,in_sample_shape_diagnostic_not_model_selection,paper3_seed_candidate_search_not_tau_core_validation
UGC06818,C,linear_acceleration,8,0.089933176,0.171210985,-1.976484276;2.289522445,in_sample_shape_diagnostic_not_model_selection,paper3_seed_candidate_search_not_tau_core_validation
UGC06818,C,quadratic_acceleration,8,0.085307610,0.175836551,-5.492862750;8.490639738;-2.678699416,in_sample_shape_diagnostic_not_model_selection,paper3_seed_candidate_search_not_tau_core_validation
UGC06818,C,radius_plus_acceleration,8,0.070305206,0.190838955,-5.556905449;-2.520137147;6.632283327,in_sample_shape_diagnostic_not_model_selection,paper3_seed_candidate_search_not_tau_core_validation
UGC06917,C,galaxy_constant,11,0.107966418,0.041715822,1.127714978,in_sample_shape_diagnostic_not_model_selection,paper3_seed_candidate_search_not_tau_core_validation
UGC06917,C,linear_radius,11,0.105062830,0.044619410,1.167502297;-0.061425454,in_sample_shape_diagnostic_not_model_selection,paper3_seed_candidate_search_not_tau_core_validation
UGC06917,C,quadratic_radius,11,0.104170952,0.045511288,0.802127736;1.376333506;-1.173219974,in_sample_shape_diagnostic_not_model_selection,paper3_seed_candidate_search_not_tau_core_validation
UGC06917,C,linear_acceleration,11,0.109033211,0.040649029,1.082020924;0.047654969,in_sample_shape_diagnostic_not_model_selection,paper3_seed_candidate_search_not_tau_core_validation
UGC06917,C,quadratic_acceleration,11,0.101870806,0.047811434,-2.565818199;8.443527645;-4.702886978,in_sample_shape_diagnostic_not_model_selection,paper3_seed_candidate_search_not_tau_core_validation
UGC06917,C,radius_plus_acceleration,11,0.103097841,0.046584399,-0.408319512;-1.298980659;2.479452622,in_sample_shape_diagnostic_not_model_selection,paper3_seed_candidate_search_not_tau_core_validation
UGC06973,C,galaxy_constant,9,0.209971917,-0.009915330,0.683210403,in_sample_shape_diagnostic_not_model_selection,paper3_seed_candidate_search_not_tau_core_validation
UGC06973,C,linear_radius,9,0.197971310,0.002085277,-2.857925375;4.120184081,in_sample_shape_diagnostic_not_model_selection,paper3_seed_candidate_search_not_tau_core_validation
UGC06973,C,quadratic_radius,9,0.195492151,0.004564437,-9.682089862;23.379104067;-12.785127940,in_sample_shape_diagnostic_not_model_selection,paper3_seed_candidate_search_not_tau_core_validation
UGC06973,C,linear_acceleration,9,0.196270337,0.003786250,0.402955891;3.709051575,in_sample_shape_diagnostic_not_model_selection,paper3_seed_candidate_search_not_tau_core_validation
UGC06973,C,quadratic_acceleration,9,0.195010938,0.005045649,0.749113757;2.260215599;-6.085270430,in_sample_shape_diagnostic_not_model_selection,paper3_seed_candidate_search_not_tau_core_validation
UGC06973,C,radius_plus_acceleration,9,0.195031219,0.005025369,13.011613375;-15.793579752;16.484416227,in_sample_shape_diagnostic_not_model_selection,paper3_seed_candidate_search_not_tau_core_validation
UGC07323,C,galaxy_constant,10,0.100955021,-0.037266797,0.712595647,in_sample_shape_diagnostic_not_model_selection,paper3_seed_candidate_search_not_tau_core_validation
UGC07323,C,linear_radius,10,0.089598528,-0.025910304,0.534885343;0.324764692,in_sample_shape_diagnostic_not_model_selection,paper3_seed_candidate_search_not_tau_core_validation
UGC07323,C,quadratic_radius,10,0.089493630,-0.025805407,0.522848302;0.386162760;-0.056071810,in_sample_shape_diagnostic_not_model_selection,paper3_seed_candidate_search_not_tau_core_validation
UGC07323,C,linear_acceleration,10,0.101174670,-0.037486446,0.443427804;0.308222455,in_sample_shape_diagnostic_not_model_selection,paper3_seed_candidate_search_not_tau_core_validation
UGC07323,C,quadratic_acceleration,10,0.097298904,-0.033610680,-48.283341360;109.523780083;-61.090508862,in_sample_shape_diagnostic_not_model_selection,paper3_seed_candidate_search_not_tau_core_validation
UGC07323,C,radius_plus_acceleration,10,0.089399223,-0.025710999,-0.279879632;0.343811769;0.921047653,in_sample_shape_diagnostic_not_model_selection,paper3_seed_candidate_search_not_tau_core_validation
UGC07399,C,galaxy_constant,10,0.139281585,0.306402074,2.027977095,in_sample_shape_diagnostic_not_model_selection,paper3_seed_candidate_search_not_tau_core_validation
UGC07399,C,linear_radius,10,0.122557054,0.323126604,2.177350473;-0.231311655,in_sample_shape_diagnostic_not_model_selection,paper3_seed_candidate_search_not_tau_core_validation
UGC07399,C,quadratic_radius,10,0.125052229,0.320631430,2.029778061;0.398308857;-0.530643773,in_sample_shape_diagnostic_not_model_selection,paper3_seed_candidate_search_not_tau_core_validation
UGC07399,C,linear_acceleration,10,0.125244658,0.320439000,2.330440334;-0.273982621,in_sample_shape_diagnostic_not_model_selection,paper3_seed_candidate_search_not_tau_core_validation
UGC07399,C,quadratic_acceleration,10,0.125259590,0.320424068,0.259956680;4.001633665;-2.114321581,in_sample_shape_diagnostic_not_model_selection,paper3_seed_candidate_search_not_tau_core_validation
UGC07399,C,radius_plus_acceleration,10,0.125543830,0.320139828,1.437914649;-0.987775746;1.112310055,in_sample_shape_diagnostic_not_model_selection,paper3_seed_candidate_search_not_tau_core_validation
UGC07577,C,galaxy_constant,9,0.225766634,0.637758983,0.258442258,in_sample_shape_diagnostic_not_model_selection,paper3_seed_candidate_search_not_tau_core_validation
UGC07577,C,linear_radius,9,0.245636739,0.617888879,0.431366243;-0.359412606,in_sample_shape_diagnostic_not_model_selection,paper3_seed_candidate_search_not_tau_core_validation
UGC07577,C,quadratic_radius,9,0.190788155,0.672737463,0.888419205;-2.976030437;2.471286239,in_sample_shape_diagnostic_not_model_selection,paper3_seed_candidate_search_not_tau_core_validation
UGC07577,C,linear_acceleration,9,0.204547124,0.658978493,-0.797495570;0.580807680,in_sample_shape_diagnostic_not_model_selection,paper3_seed_candidate_search_not_tau_core_validation
UGC07577,C,quadratic_acceleration,9,0.192812969,0.670712649,1.606512704;-1.945176435;0.638288973,in_sample_shape_diagnostic_not_model_selection,paper3_seed_candidate_search_not_tau_core_validation
UGC07577,C,radius_plus_acceleration,9,0.170693741,0.692831876,-1.672604436;0.500075896;0.929812041,in_sample_shape_diagnostic_not_model_selection,paper3_seed_candidate_search_not_tau_core_validation
UGC07603,C,galaxy_constant,12,0.085848393,0.080662563,1.340985573,in_sample_shape_diagnostic_not_model_selection,paper3_seed_candidate_search_not_tau_core_validation
UGC07603,C,linear_radius,12,0.120149596,0.046361360,0.895874447;0.683367779,in_sample_shape_diagnostic_not_model_selection,paper3_seed_candidate_search_not_tau_core_validation
UGC07603,C,quadratic_radius,12,0.105660957,0.060849999,0.456982659;2.654022740;-1.693498213,in_sample_shape_diagnostic_not_model_selection,paper3_seed_candidate_search_not_tau_core_validation
UGC07603,C,linear_acceleration,12,0.121983550,0.044527406,0.444732184;0.749948516,in_sample_shape_diagnostic_not_model_selection,paper3_seed_candidate_search_not_tau_core_validation
UGC07603,C,quadratic_acceleration,12,0.109967229,0.056543727,-2.979909437;7.041170657;-2.758779188,in_sample_shape_diagnostic_not_model_selection,paper3_seed_candidate_search_not_tau_core_validation
UGC07603,C,radius_plus_acceleration,12,0.112209177,0.054301779,1.948282371;2.096848046;-1.650991137,in_sample_shape_diagnostic_not_model_selection,paper3_seed_candidate_search_not_tau_core_validation
UGC08490,C,galaxy_constant,30,0.191897151,0.022693953,1.379117542,in_sample_shape_diagnostic_not_model_selection,paper3_seed_candidate_search_not_tau_core_validation
UGC08490,C,linear_radius,30,0.169371693,0.045219412,1.550867619;-0.259638179,in_sample_shape_diagnostic_not_model_selection,paper3_seed_candidate_search_not_tau_core_validation
UGC08490,C,quadratic_radius,30,0.165641461,0.048949643,1.657251470;-0.703775745;0.375562669,in_sample_shape_diagnostic_not_model_selection,paper3_seed_candidate_search_not_tau_core_validation
UGC08490,C,linear_acceleration,30,0.167370612,0.047220492,1.685581480;-0.220201309,in_sample_shape_diagnostic_not_model_selection,paper3_seed_candidate_search_not_tau_core_validation
UGC08490,C,quadratic_acceleration,30,0.165818055,0.048773049,1.913597904;-0.627946363;0.167502166,in_sample_shape_diagnostic_not_model_selection,paper3_seed_candidate_search_not_tau_core_validation
UGC08490,C,radius_plus_acceleration,30,0.167231686,0.047359418,1.704066589;0.039386510;-0.252203735,in_sample_shape_diagnostic_not_model_selection,paper3_seed_candidate_search_not_tau_core_validation
UGC08837,C,galaxy_constant,8,0.203802635,0.318908712,0.376459801,in_sample_shape_diagnostic_not_model_selection,paper3_seed_candidate_search_not_tau_core_validation
UGC08837,C,linear_radius,8,0.067731316,0.454980031,0.042104298;0.652034683,in_sample_shape_diagnostic_not_model_selection,paper3_seed_candidate_search_not_tau_core_validation
UGC08837,C,quadratic_radius,8,0.050833384,0.471877963,-0.074775419;1.257262018;-0.552580389,in_sample_shape_diagnostic_not_model_selection,paper3_seed_candidate_search_not_tau_core_validation
UGC08837,C,linear_acceleration,8,0.094752954,0.427958393,1.943151840;-1.143432587,in_sample_shape_diagnostic_not_model_selection,paper3_seed_candidate_search_not_tau_core_validation
UGC08837,C,quadratic_acceleration,8,0.082247201,0.440464146,-7.681825020;12.800469398;-4.990607060,in_sample_shape_diagnostic_not_model_selection,paper3_seed_candidate_search_not_tau_core_validation
UGC08837,C,radius_plus_acceleration,8,0.066212890,0.456498457,0.199660091;0.608655187;-0.098755441,in_sample_shape_diagnostic_not_model_selection,paper3_seed_candidate_search_not_tau_core_validation
UGC12632,C,galaxy_constant,15,0.149098916,-0.035663976,1.097497127,in_sample_shape_diagnostic_not_model_selection,paper3_seed_candidate_search_not_tau_core_validation
UGC12632,C,linear_radius,15,0.117855846,-0.004420906,1.377578682;-0.517476573,in_sample_shape_diagnostic_not_model_selection,paper3_seed_candidate_search_not_tau_core_validation
UGC12632,C,quadratic_radius,15,0.112887602,0.000547337,1.169869506;0.566063971;-1.009936024,in_sample_shape_diagnostic_not_model_selection,paper3_seed_candidate_search_not_tau_core_validation
UGC12632,C,linear_acceleration,15,0.143545125,-0.030110185,3.170616165;-1.446391777,in_sample_shape_diagnostic_not_model_selection,paper3_seed_candidate_search_not_tau_core_validation
UGC12632,C,quadratic_acceleration,15,0.137493636,-0.024058696,104.474432172;-144.053261579;50.151332919,in_sample_shape_diagnostic_not_model_selection,paper3_seed_candidate_search_not_tau_core_validation
UGC12632,C,radius_plus_acceleration,15,0.118054437,-0.004619497,-0.148949306;-0.592894470;1.093520705,in_sample_shape_diagnostic_not_model_selection,paper3_seed_candidate_search_not_tau_core_validation
